{
    "metrics": {
        "http_req_duration{expected_response:true}": {
            "avg": 9.7255340721599,
            "min": 1.069,
            "med": 5.74,
            "max": 5723.878,
            "p(90)": 19.189100000000003,
            "p(95)": 28.568549999999995
        },
        "http_req_blocked": {
            "p(95)": 0.007,
            "avg": 0.0043282178709851595,
            "min": 0,
            "med": 0.002,
            "max": 8.339,
            "p(90)": 0.006
        },
        "http_req_waiting": {
            "avg": 9.43423215386136,
            "min": 1.01,
            "med": 5.5425,
            "max": 5723.652,
            "p(90)": 18.549100000000003,
            "p(95)": 27.712549999999997
        },
        "http_req_duration": {
            "max": 5723.878,
            "p(90)": 19.189100000000003,
            "p(95)": 28.568549999999995,
            "avg": 9.7255340721599,
            "min": 1.069,
            "med": 5.74,
            "thresholds": {
                "p(95)<3000": false
            }
        },
        "http_req_connecting": {
            "max": 3.491,
            "p(90)": 0,
            "p(95)": 0,
            "avg": 0.000654129808170162,
            "min": 0,
            "med": 0
        },
        "iterations": {
            "rate": 390.44207608661463,
            "count": 100606
        },
        "vus": {
            "max": 60,
            "value": 0,
            "min": 0
        },
        "checks": {
            "passes": 201212,
            "fails": 0,
            "value": 1
        },
        "http_req_sending": {
            "med": 0.009,
            "max": 16.17,
            "p(90)": 0.025,
            "p(95)": 0.03,
            "avg": 0.013348812245304069,
            "min": 0.002
        },
        "http_req_failed": {
            "passes": 0,
            "fails": 100610,
            "thresholds": {
                "rate<0.01": false
            },
            "value": 0
        },
        "http_req_receiving": {
            "med": 0.051,
            "max": 43.981,
            "p(90)": 0.582,
            "p(95)": 1.142,
            "avg": 0.2779531060530444,
            "min": 0.005
        },
        "reservations_created": {
            "count": 100606,
            "rate": 390.44207608661463
        },
        "iteration_duration": {
            "p(90)": 69.509333,
            "p(95)": 78.96881275,
            "avg": 59.959253816660215,
            "min": 51.172667,
            "med": 56.0515625,
            "max": 945.723375
        },
        "vus_max": {
            "min": 90,
            "max": 90,
            "value": 90
        },
        "success_rate": {
            "passes": 100606,
            "fails": 0,
            "value": 1
        },
        "http_reqs": {
            "count": 100610,
            "rate": 390.4575996965817
        },
        "data_received": {
            "count": 24846239,
            "rate": 96425.83084611467
        },
        "data_sent": {
            "count": 21921631,
            "rate": 85075.71237147576
        },
        "http_req_tls_handshaking": {
            "p(90)": 0,
            "p(95)": 0,
            "avg": 0,
            "min": 0,
            "med": 0,
            "max": 0
        },
        "create_reservation_ms": {
            "avg": 9.650980716855928,
            "min": 1.069,
            "med": 5.74,
            "max": 895.575,
            "p(90)": 19.185,
            "p(95)": 28.555749999999996
        }
    },
    "setup_data": {
        "userId": 1
    },
    "root_group": {
        "name": "",
        "path": "",
        "id": "d41d8cd98f00b204e9800998ecf8427e",
        "groups": {},
        "checks": {
                "status is 2xx": {
                    "name": "status is 2xx",
                    "path": "::status is 2xx",
                    "id": "625da780c1868b693c9052f10511e6a0",
                    "passes": 100606,
                    "fails": 0
                },
                "has id in body": {
                    "name": "has id in body",
                    "path": "::has id in body",
                    "id": "40f2392168c19fe591182eff4a4560ce",
                    "passes": 100606,
                    "fails": 0
                }
            }
    }
}